{
  "baselines": {
    "sleep_h": 7.072000000000001,
    "resting_hr": 71.08,
    "steps": 6108.0,
    "water_ml": 1872.0
  },
  "last_scores": [
    90.86662317895194,
    90.86662317895194
  ]
}